"","year3","jd","mean_airt","datetime"
"1",2009,1,-15.128125,2009-01-01 00:15:00
"2",2009,2,-9.14375,2009-01-02 00:15:00
"3",2009,3,-5.53958333333333,2009-01-03 00:15:00
"4",2009,4,-6.35208333333333,2009-01-04 00:15:00
"5",2009,5,-2.41458333333333,2009-01-05 00:15:00
"6",2009,6,-4.915625,2009-01-06 00:15:00
"7",2009,7,-2.590625,2009-01-07 00:15:00
"8",2009,8,-3.22708333333333,2009-01-08 00:15:00
"9",2009,9,-9.915625,2009-01-09 00:15:00
"10",2009,10,-11.13125,2009-01-10 00:15:00
"11",2009,11,-8.63333333333333,2009-01-11 00:15:00
"12",2009,12,-9.17083333333333,2009-01-12 00:15:00
"13",2009,13,-4.73958333333333,2009-01-13 00:15:00
"14",2009,14,-11.4645833333333,2009-01-14 00:15:00
"15",2009,15,-14.734375,2009-01-15 00:15:00
"16",2009,16,-16.4760416666667,2009-01-16 00:15:00
"17",2009,17,-15.2666666666667,2009-01-17 00:15:00
"18",2009,18,-7.85520833333333,2009-01-18 00:15:00
"19",2009,19,-5.58020833333333,2009-01-19 00:15:00
"20",2009,20,-7.70208333333333,2009-01-20 00:15:00
"21",2009,21,-11.346875,2009-01-21 00:15:00
"22",2009,22,-5.9125,2009-01-22 00:15:00
"23",2009,23,-0.828125,2009-01-23 00:15:00
"24",2009,24,-5.56145833333333,2009-01-24 00:15:00
"25",2009,25,-12.8510416666667,2009-01-25 00:15:00
"26",2009,26,-10.953125,2009-01-26 00:15:00
"27",2009,27,-8.64375,2009-01-27 00:15:00
"28",2009,28,-5.06770833333333,2009-01-28 00:15:00
"29",2009,29,-6.00729166666667,2009-01-29 00:15:00
"30",2009,30,-6.478125,2009-01-30 00:15:00
"31",2009,31,-9.78645833333333,2009-01-31 00:15:00
"32",2009,32,-3.275,2009-02-01 00:15:00
"33",2009,33,1.64583333333333,2009-02-02 00:15:00
"34",2009,34,-4.0875,2009-02-03 00:15:00
"35",2009,35,-10.6625,2009-02-04 00:15:00
"36",2009,36,-14.321875,2009-02-05 00:15:00
"37",2009,37,-11.1020833333333,2009-02-06 00:15:00
"38",2009,38,-2.79583333333333,2009-02-07 00:15:00
"39",2009,39,3.140625,2009-02-08 00:15:00
"40",2009,40,-2.41354166666667,2009-02-09 00:15:00
"41",2009,41,-2.07916666666667,2009-02-10 00:15:00
"42",2009,42,6.21354166666667,2009-02-11 00:15:00
"43",2009,43,4.56354166666667,2009-02-12 00:15:00
"44",2009,44,-2.871875,2009-02-13 00:15:00
"45",2009,45,-4.03020833333333,2009-02-14 00:15:00
"46",2009,46,-2.840625,2009-02-15 00:15:00
"47",2009,47,-3.56458333333333,2009-02-16 00:15:00
"48",2009,48,-4.85416666666667,2009-02-17 00:15:00
"49",2009,49,-2.878125,2009-02-18 00:15:00
"50",2009,50,-0.319791666666667,2009-02-19 00:15:00
"51",2009,51,-6.959375,2009-02-20 00:15:00
"52",2009,52,-3.984375,2009-02-21 00:15:00
"53",2009,53,-1.03958333333333,2009-02-22 00:15:00
"54",2009,54,-6.27916666666667,2009-02-23 00:15:00
"55",2009,55,-6.86458333333333,2009-02-24 00:15:00
"56",2009,56,-4.503125,2009-02-25 00:15:00
"57",2009,57,0.422916666666667,2009-02-26 00:15:00
"58",2009,58,6.6,2009-02-27 00:15:00
"59",2009,59,-1.34270833333333,2009-02-28 00:15:00
"60",2009,60,-5.84479166666667,2009-03-01 00:15:00
"61",2009,61,-9.02083333333333,2009-03-02 00:15:00
"62",2009,62,-10.6447916666667,2009-03-03 00:15:00
"63",2009,63,-8.68020833333333,2009-03-04 00:15:00
"64",2009,64,-4.01666666666667,2009-03-05 00:15:00
"65",2009,65,3.33854166666667,2009-03-06 00:15:00
"66",2009,66,7.45520833333333,2009-03-07 00:15:00
"67",2009,67,7.47608695652174,2009-03-08 00:15:00
"68",2009,68,-1.07708333333333,2009-03-09 00:15:00
"69",2009,69,0.221875,2009-03-10 00:15:00
"70",2009,70,3.93854166666667,2009-03-11 00:15:00
"71",2009,71,-3.26354166666667,2009-03-12 00:15:00
"72",2009,72,-4.18229166666667,2009-03-13 00:15:00
"73",2009,73,0.990625,2009-03-14 00:15:00
"74",2009,74,4.58125,2009-03-15 00:15:00
"75",2009,75,2.3375,2009-03-16 00:15:00
"76",2009,76,3.78854166666667,2009-03-17 00:15:00
"77",2009,77,6.365625,2009-03-18 00:15:00
"78",2009,78,3.67916666666667,2009-03-19 00:15:00
"79",2009,79,-0.540625,2009-03-20 00:15:00
"80",2009,80,-0.141666666666667,2009-03-21 00:15:00
"81",2009,81,0.702083333333333,2009-03-22 00:15:00
"82",2009,82,-5.446875,2009-03-23 00:15:00
"83",2009,83,-1.09583333333333,2009-03-24 00:15:00
"84",2009,84,3.084375,2009-03-25 00:15:00
"85",2009,85,3.52083333333333,2009-03-26 00:15:00
"86",2009,86,7.60833333333333,2009-03-27 00:15:00
"87",2009,87,9.46875,2009-03-28 00:15:00
"88",2009,88,3.56145833333333,2009-03-29 00:15:00
"89",2009,89,2.825,2009-03-30 00:15:00
"90",2009,90,4.97395833333333,2009-03-31 00:15:00
"91",2009,91,3.54166666666667,2009-04-01 00:15:00
"92",2009,92,9.70729166666667,2009-04-02 00:15:00
"93",2009,93,10.146875,2009-04-03 00:15:00
"94",2009,94,4.53645833333333,2009-04-04 00:15:00
"95",2009,95,4.89375,2009-04-05 00:15:00
"96",2009,96,2.90208333333333,2009-04-06 00:15:00
"97",2009,97,1.80625,2009-04-07 00:15:00
"98",2009,98,1.14166666666667,2009-04-08 00:15:00
"99",2009,99,6.08333333333333,2009-04-09 00:15:00
"100",2009,100,7.765625,2009-04-10 00:15:00
"101",2009,101,4.32916666666667,2009-04-11 00:15:00
"102",2009,102,-0.413541666666667,2009-04-12 00:15:00
"103",2009,103,2.62708333333333,2009-04-13 00:15:00
"104",2009,104,7.64270833333333,2009-04-14 00:15:00
"105",2009,105,6.64791666666667,2009-04-15 00:15:00
"106",2009,106,7.5375,2009-04-16 00:15:00
"107",2009,107,10.034375,2009-04-17 00:15:00
"108",2009,108,10.5427083333333,2009-04-18 00:15:00
"109",2009,109,8.19375,2009-04-19 00:15:00
"110",2009,110,4.67083333333333,2009-04-20 00:15:00
"111",2009,111,7.77916666666667,2009-04-21 00:15:00
"112",2009,112,8.503125,2009-04-22 00:15:00
"113",2009,113,5.63229166666667,2009-04-23 00:15:00
"114",2009,114,11.1979166666667,2009-04-24 00:15:00
"115",2009,115,19.775,2009-04-25 00:15:00
"116",2009,116,21.1510416666667,2009-04-26 00:15:00
"117",2009,117,20.18125,2009-04-27 00:15:00
"118",2009,118,22.00625,2009-04-28 00:15:00
"119",2009,119,10.7145833333333,2009-04-29 00:15:00
"120",2009,120,11.3385416666667,2009-04-30 00:15:00
"121",2009,121,13.6635416666667,2009-05-01 00:15:00
"122",2009,122,12.1645833333333,2009-05-02 00:15:00
"123",2009,123,10.071875,2009-05-03 00:15:00
"124",2009,124,12.5,2009-05-04 00:15:00
"125",2009,125,9.08229166666667,2009-05-05 00:15:00
"126",2009,126,11.6260416666667,2009-05-06 00:15:00
"127",2009,127,13.4260416666667,2009-05-07 00:15:00
"128",2009,128,15.6125,2009-05-08 00:15:00
"129",2009,129,16.271875,2009-05-09 00:15:00
"130",2009,130,10.9489583333333,2009-05-10 00:15:00
"131",2009,131,10.6479166666667,2009-05-11 00:15:00
"132",2009,132,11.3020833333333,2009-05-12 00:15:00
"133",2009,133,12.7833333333333,2009-05-13 00:15:00
"134",2009,134,11.734375,2009-05-14 00:15:00
"135",2009,135,16.334375,2009-05-15 00:15:00
"136",2009,136,16.621875,2009-05-16 00:15:00
"137",2009,137,10.70625,2009-05-17 00:15:00
"138",2009,138,6.984375,2009-05-18 00:15:00
"139",2009,139,11.5041666666667,2009-05-19 00:15:00
"140",2009,140,17.75625,2009-05-20 00:15:00
"141",2009,141,21.121875,2009-05-21 00:15:00
"142",2009,142,21.003125,2009-05-22 00:15:00
"143",2009,143,15.6041666666667,2009-05-23 00:15:00
"144",2009,144,17.0135416666667,2009-05-24 00:15:00
"145",2009,145,16.8302083333333,2009-05-25 00:15:00
"146",2009,146,10.571875,2009-05-26 00:15:00
"147",2009,147,8.034375,2009-05-27 00:15:00
"148",2009,148,7.52708333333333,2009-05-28 00:15:00
"149",2009,149,12.7020833333333,2009-05-29 00:15:00
"150",2009,150,16.0697916666667,2009-05-30 00:15:00
"151",2009,151,12.8802083333333,2009-05-31 00:15:00
"152",2009,152,10.909375,2009-06-01 00:15:00
"153",2009,153,16.7125,2009-06-02 00:15:00
"154",2009,154,13.8604166666667,2009-06-03 00:15:00
"155",2009,155,15.740625,2009-06-04 00:15:00
"156",2009,156,14.3479166666667,2009-06-05 00:15:00
"157",2009,157,16.696875,2009-06-06 00:15:00
"158",2009,158,17.91875,2009-06-07 00:15:00
"159",2009,159,17.2552083333333,2009-06-08 00:15:00
"160",2009,160,11.4552083333333,2009-06-09 00:15:00
"161",2009,161,13.4947916666667,2009-06-10 00:15:00
"162",2009,162,13.1145833333333,2009-06-11 00:15:00
"163",2009,163,17.628125,2009-06-12 00:15:00
"164",2009,164,18.8083333333333,2009-06-13 00:15:00
"165",2009,165,14.3958333333333,2009-06-14 00:15:00
"166",2009,166,13.0864583333333,2009-06-15 00:15:00
"167",2009,167,13.41875,2009-06-16 00:15:00
"168",2009,168,14.5229166666667,2009-06-17 00:15:00
"169",2009,169,13.9614583333333,2009-06-18 00:15:00
"170",2009,170,17.8197916666667,2009-06-19 00:15:00
"171",2009,171,18.265625,2009-06-20 00:15:00
"172",2009,172,17.0677083333333,2009-06-21 00:15:00
"173",2009,173,15.8083333333333,2009-06-22 00:15:00
"174",2009,174,17.0489583333333,2009-06-23 00:15:00
"175",2009,175,17.315625,2009-06-24 00:15:00
"176",2009,176,20.3197916666667,2009-06-25 00:15:00
"177",2009,177,18.9041666666667,2009-06-26 00:15:00
"178",2009,178,19.1104166666667,2009-06-27 00:15:00
"179",2009,179,17.871875,2009-06-28 00:15:00
"180",2009,180,18.984375,2009-06-29 00:15:00
"181",2009,181,18.0645833333333,2009-06-30 00:15:00
"182",2009,182,16.2510416666667,2009-07-01 00:15:00
"183",2009,183,15.1010416666667,2009-07-02 00:15:00
"184",2009,184,18.4072916666667,2009-07-03 00:15:00
"185",2009,185,17.4864583333333,2009-07-04 00:15:00
"186",2009,186,16.8416666666667,2009-07-05 00:15:00
"187",2009,187,18.396875,2009-07-06 00:15:00
"188",2009,188,16.1166666666667,2009-07-07 00:15:00
"189",2009,189,15.2157894736842,2009-07-08 00:15:00
"190",2009,190,13.984375,2009-07-09 00:15:00
"191",2009,191,17.859375,2009-07-10 00:15:00
"192",2009,192,18.1197916666667,2009-07-11 00:15:00
"193",2009,193,18.2291666666667,2009-07-12 00:15:00
"194",2009,194,16.521875,2009-07-13 00:15:00
"195",2009,195,15.696875,2009-07-14 00:15:00
"196",2009,196,17.690625,2009-07-15 00:15:00
"197",2009,197,20.3458333333333,2009-07-16 00:15:00
"198",2009,198,20.865625,2009-07-17 00:15:00
"199",2009,199,20.559375,2009-07-18 00:15:00
"200",2009,200,18.5208333333333,2009-07-19 00:15:00
"201",2009,201,19.84375,2009-07-20 00:15:00
"202",2009,202,16.1520833333333,2009-07-21 00:15:00
"203",2009,203,18.3791666666667,2009-07-22 00:15:00
"204",2009,204,18.2875,2009-07-23 00:15:00
"205",2009,205,17.20625,2009-07-24 00:15:00
"206",2009,206,20.2072916666667,2009-07-25 00:15:00
"207",2009,207,21.65625,2009-07-26 00:15:00
"208",2009,208,22.0875,2009-07-27 00:15:00
"209",2009,209,23.021875,2009-07-28 00:15:00
"210",2009,210,22.85625,2009-07-29 00:15:00
"211",2009,211,21.6447916666667,2009-07-30 00:15:00
"212",2009,212,18.734375,2009-07-31 00:15:00
"213",2009,213,21.11875,2009-08-01 00:15:00
"214",2009,214,20.0729166666667,2009-08-02 00:15:00
"215",2009,215,20.9041666666667,2009-08-03 00:15:00
"216",2009,216,21.2041666666667,2009-08-04 00:15:00
"217",2009,217,21.5510416666667,2009-08-05 00:15:00
"218",2009,218,18.5145833333333,2009-08-06 00:15:00
"219",2009,219,17.0802083333333,2009-08-07 00:15:00
"220",2009,220,15.2958333333333,2009-08-08 00:15:00
"221",2009,221,16.275,2009-08-09 00:15:00
"222",2009,222,22.4291666666667,2009-08-10 00:15:00
"223",2009,223,23.3385416666667,2009-08-11 00:15:00
"224",2009,224,19.64375,2009-08-12 00:15:00
"225",2009,225,17.3322916666667,2009-08-13 00:15:00
"226",2009,226,21.0020833333333,2009-08-14 00:15:00
"227",2009,227,23.109375,2009-08-15 00:15:00
"228",2009,228,23.9958333333333,2009-08-16 00:15:00
"229",2009,229,24.515625,2009-08-17 00:15:00
"230",2009,230,24.915625,2009-08-18 00:15:00
"231",2009,231,23.4197916666667,2009-08-19 00:15:00
"232",2009,232,23.5927083333333,2009-08-20 00:15:00
"233",2009,233,24.1427083333333,2009-08-21 00:15:00
"234",2009,234,22.2083333333333,2009-08-22 00:15:00
"235",2009,235,22.10625,2009-08-23 00:15:00
"236",2009,236,21.1958333333333,2009-08-24 00:15:00
"237",2009,237,20.928125,2009-08-25 00:15:00
"238",2009,238,20.5354166666667,2009-08-26 00:15:00
"239",2009,239,15.25625,2009-08-27 00:15:00
"240",2009,240,15.6552083333333,2009-08-28 00:15:00
"241",2009,241,12.0697916666667,2009-08-29 00:15:00
"242",2009,242,17.0625,2009-08-30 00:15:00
"243",2009,243,14.1802083333333,2009-08-31 00:15:00
"244",2009,244,14.2239583333333,2009-09-01 00:15:00
"245",2009,245,15.978125,2009-09-02 00:15:00
"246",2009,246,17.3541666666667,2009-09-03 00:15:00
"247",2009,247,19.15,2009-09-04 00:15:00
"248",2009,248,18.7041666666667,2009-09-05 00:15:00
"249",2009,249,13.596875,2009-09-06 00:15:00
"250",2009,250,14.0135416666667,2009-09-07 00:15:00
"251",2009,251,17.2270833333333,2009-09-08 00:15:00
"252",2009,252,15.9177083333333,2009-09-09 00:15:00
"253",2009,253,12.5114583333333,2009-09-10 00:15:00
"254",2009,254,11.7552083333333,2009-09-11 00:15:00
"255",2009,255,15.4416666666667,2009-09-12 00:15:00
"256",2009,256,17.740625,2009-09-13 00:15:00
"257",2009,257,15.3791666666667,2009-09-14 00:15:00
"258",2009,258,16.096875,2009-09-15 00:15:00
"259",2009,259,11.9302083333333,2009-09-16 00:15:00
"260",2009,260,9.85,2009-09-17 00:15:00
"261",2009,261,12.834375,2009-09-18 00:15:00
"262",2009,262,10.0604166666667,2009-09-19 00:15:00
"263",2009,263,11.7729166666667,2009-09-20 00:15:00
"264",2009,264,14.4875,2009-09-21 00:15:00
"265",2009,265,17.0291666666667,2009-09-22 00:15:00
"266",2009,266,19.959375,2009-09-23 00:15:00
"267",2009,267,18.4385416666667,2009-09-24 00:15:00
"268",2009,268,11.0197916666667,2009-09-25 00:15:00
"269",2009,269,9.61875,2009-09-26 00:15:00
"270",2009,270,13.88125,2009-09-27 00:15:00
"271",2009,271,15.6729166666667,2009-09-28 00:15:00
"272",2009,272,12.871875,2009-09-29 00:15:00
"273",2009,273,8.43645833333333,2009-09-30 00:15:00
"274",2009,274,5.68645833333333,2009-10-01 00:15:00
"275",2009,275,8.41979166666667,2009-10-02 00:15:00
"276",2009,276,13.171875,2009-10-03 00:15:00
"277",2009,277,14.68125,2009-10-04 00:15:00
"278",2009,278,11.065625,2009-10-05 00:15:00
"279",2009,279,10.5958333333333,2009-10-06 00:15:00
"280",2009,280,11.6177083333333,2009-10-07 00:15:00
"281",2009,281,10.2489583333333,2009-10-08 00:15:00
"282",2009,282,11.2729166666667,2009-10-09 00:15:00
"283",2009,283,10.2489583333333,2009-10-10 00:15:00
"284",2009,284,6.075,2009-10-11 00:15:00
"285",2009,285,4.85625,2009-10-12 00:15:00
"286",2009,286,4.63854166666667,2009-10-13 00:15:00
"287",2009,287,2.30625,2009-10-14 00:15:00
"288",2009,288,0.895833333333333,2009-10-15 00:15:00
"289",2009,289,1.78229166666667,2009-10-16 00:15:00
"290",2009,290,3.69895833333333,2009-10-17 00:15:00
"291",2009,291,1.59375,2009-10-18 00:15:00
"292",2009,292,3.11458333333333,2009-10-19 00:15:00
"293",2009,293,7.90416666666667,2009-10-20 00:15:00
"294",2009,294,11.790625,2009-10-21 00:15:00
"295",2009,295,14.6177083333333,2009-10-22 00:15:00
"296",2009,296,3.86354166666667,2009-10-23 00:15:00
"297",2009,297,11.3677083333333,2009-10-24 00:15:00
"298",2009,298,9.48645833333333,2009-10-25 00:15:00
"299",2009,299,6.79479166666667,2009-10-26 00:15:00
"300",2009,300,6.15625,2009-10-27 00:15:00
"301",2009,301,6.26770833333333,2009-10-28 00:15:00
"302",2009,302,7.178125,2009-10-29 00:15:00
"303",2009,303,8.0875,2009-10-30 00:15:00
"304",2009,304,13.2416666666667,2009-10-31 00:15:00
"305",2009,305,8.31145833333333,2009-11-01 00:15:00
"306",2009,306,5.33333333333333,2009-11-02 00:15:00
"307",2009,307,5.05833333333333,2009-11-03 00:15:00
"308",2009,308,2.865625,2009-11-04 00:15:00
"309",2009,309,2.78020833333333,2009-11-05 00:15:00
"310",2009,310,1.27708333333333,2009-11-06 00:15:00
"311",2009,311,2.23854166666667,2009-11-07 00:15:00
"312",2009,312,9.30729166666667,2009-11-08 00:15:00
"313",2009,313,11.6260416666667,2009-11-09 00:15:00
"314",2009,314,11.9239583333333,2009-11-10 00:15:00
"315",2009,315,5.87916666666667,2009-11-11 00:15:00
"316",2009,316,4.7375,2009-11-12 00:15:00
"317",2009,317,5.628125,2009-11-13 00:15:00
"318",2009,318,8.65208333333333,2009-11-14 00:15:00
"319",2009,319,12.0614583333333,2009-11-15 00:15:00
"320",2009,320,8.21145833333333,2009-11-16 00:15:00
"321",2009,321,2.92083333333333,2009-11-17 00:15:00
"322",2009,322,1.31979166666667,2009-11-18 00:15:00
"323",2009,323,7.46041666666667,2009-11-19 00:15:00
"324",2009,324,9.85208333333333,2009-11-20 00:15:00
"325",2009,325,6.73645833333333,2009-11-21 00:15:00
"326",2009,326,4.92083333333333,2009-11-22 00:15:00
"327",2009,327,4.27708333333333,2009-11-23 00:15:00
"328",2009,328,5.73020833333333,2009-11-24 00:15:00
"329",2009,329,6.73645833333333,2009-11-25 00:15:00
"330",2009,330,6.52291666666667,2009-11-26 00:15:00
"331",2009,331,4.14895833333333,2009-11-27 00:15:00
"332",2009,332,4.64791666666667,2009-11-28 00:15:00
"333",2009,333,5.09375,2009-11-29 00:15:00
"334",2009,334,5.20208333333333,2009-11-30 00:15:00
"335",2009,335,-0.534375,2009-12-01 00:15:00
"336",2009,336,4.065625,2009-12-02 00:15:00
"337",2009,337,12.1895833333333,2009-12-03 00:15:00
"338",2009,338,4.67083333333333,2009-12-04 00:15:00
"339",2009,339,0.436458333333333,2009-12-05 00:15:00
"340",2009,340,-3.00833333333333,2009-12-06 00:15:00
"341",2009,341,-2.74895833333333,2009-12-07 00:15:00
"342",2009,342,-2.97604166666667,2009-12-08 00:15:00
"343",2009,343,-0.90625,2009-12-09 00:15:00
"344",2009,344,-0.395833333333333,2009-12-10 00:15:00
"345",2009,345,-7.36875,2009-12-11 00:15:00
"346",2009,346,-7.20625,2009-12-12 00:15:00
"347",2009,347,-1.61041666666667,2009-12-13 00:15:00
"348",2009,348,1.7,2009-12-14 00:15:00
"349",2009,349,2.5875,2009-12-15 00:15:00
"350",2009,350,-4.46145833333333,2009-12-16 00:15:00
"351",2009,351,-11.8145833333333,2009-12-17 00:15:00
"352",2009,352,-12.5125,2009-12-18 00:15:00
"353",2009,353,-9.54479166666667,2009-12-19 00:15:00
"354",2009,354,-8.42708333333333,2009-12-20 00:15:00
"355",2009,355,-6.23333333333333,2009-12-21 00:15:00
"356",2009,356,-8.77916666666667,2009-12-22 00:15:00
"357",2009,357,-10.4197916666667,2009-12-23 00:15:00
"358",2009,358,-3.81145833333333,2009-12-24 00:15:00
"359",2009,359,-3.27395833333333,2009-12-25 00:15:00
"360",2009,360,-0.885416666666667,2009-12-26 00:15:00
"361",2009,361,4.31979166666667,2009-12-27 00:15:00
"362",2009,362,-2.42083333333333,2009-12-28 00:15:00
"363",2009,363,-11.3135416666667,2009-12-29 00:15:00
"364",2009,364,-10.9979166666667,2009-12-30 00:15:00
"365",2009,365,-4.65894736842105,2009-12-31 00:15:00
"366",2009,366,-17.3,2009-01-01 00:00:00
"367",2010,1,-2.83854166666667,2010-01-01 00:15:00
"368",2010,2,-4.675,2010-01-02 00:15:00
"369",2010,3,-10.784375,2010-01-03 00:15:00
"370",2010,4,-6.67916666666667,2010-01-04 00:15:00
"371",2010,5,-6.18958333333333,2010-01-05 00:15:00
"372",2010,6,-6.80833333333333,2010-01-06 00:15:00
"373",2010,7,-4.72395833333333,2010-01-07 00:15:00
"374",2010,8,-7.284375,2010-01-08 00:15:00
"375",2010,9,-9.421875,2010-01-09 00:15:00
"376",2010,10,-12.0729166666667,2010-01-10 00:15:00
"377",2010,11,-6.95520833333333,2010-01-11 00:15:00
"378",2010,12,-7,2010-01-12 00:15:00
"379",2010,13,-9.45104166666667,2010-01-13 00:15:00
"380",2010,14,-3.253125,2010-01-14 00:15:00
"381",2010,15,0.222916666666667,2010-01-15 00:15:00
"382",2010,16,0.166666666666667,2010-01-16 00:15:00
"383",2010,17,-0.539583333333333,2010-01-17 00:15:00
"384",2010,18,-0.680208333333333,2010-01-18 00:15:00
"385",2010,19,-0.228125,2010-01-19 00:15:00
"386",2010,20,-1.15104166666667,2010-01-20 00:15:00
"387",2010,21,-2.73958333333333,2010-01-21 00:15:00
"388",2010,22,-3.253125,2010-01-22 00:15:00
"389",2010,23,-4.90729166666667,2010-01-23 00:15:00
"390",2010,24,-1.38541666666667,2010-01-24 00:15:00
"391",2010,25,8.70520833333333,2010-01-25 00:15:00
"392",2010,26,0.714583333333333,2010-01-26 00:15:00
"393",2010,27,-1.975,2010-01-27 00:15:00
"394",2010,28,-5.53125,2010-01-28 00:15:00
"395",2010,29,-13.778125,2010-01-29 00:15:00
"396",2010,30,-14.5229166666667,2010-01-30 00:15:00
"397",2010,31,-10.7802083333333,2010-01-31 00:15:00
"398",2010,32,-7.10208333333333,2010-02-01 00:15:00
"399",2010,33,-7.15208333333333,2010-02-02 00:15:00
"400",2010,34,-5.346875,2010-02-03 00:15:00
"401",2010,35,-6.21666666666667,2010-02-04 00:15:00
"402",2010,36,-6.15625,2010-02-05 00:15:00
"403",2010,37,-9.03854166666667,2010-02-06 00:15:00
"404",2010,38,-8.95,2010-02-07 00:15:00
"405",2010,39,-7.03020833333333,2010-02-08 00:15:00
"406",2010,40,-4.73020833333333,2010-02-09 00:15:00
"407",2010,41,-2.76145833333333,2010-02-10 00:15:00
"408",2010,42,-2.325,2010-02-11 00:15:00
"409",2010,43,-4.80520833333333,2010-02-12 00:15:00
"410",2010,44,-5.95729166666667,2010-02-13 00:15:00
"411",2010,45,-3.40104166666667,2010-02-14 00:15:00
"412",2010,46,-2.515625,2010-02-15 00:15:00
"413",2010,47,-3.46770833333333,2010-02-16 00:15:00
"414",2010,48,-3.609375,2010-02-17 00:15:00
"415",2010,49,-0.709375,2010-02-18 00:15:00
"416",2010,50,-0.810416666666667,2010-02-19 00:15:00
"417",2010,51,0.516666666666667,2010-02-20 00:15:00
"418",2010,52,-1.50833333333333,2010-02-21 00:15:00
"419",2010,53,-0.0197916666666666,2010-02-22 00:15:00
"420",2010,54,-0.196875,2010-02-23 00:15:00
"421",2010,55,0.897916666666667,2010-02-24 00:15:00
"422",2010,56,3.06979166666667,2010-02-25 00:15:00
"423",2010,57,-0.422916666666667,2010-02-26 00:15:00
"424",2010,58,-0.832291666666667,2010-02-27 00:15:00
"425",2010,59,-1.41666666666667,2010-02-28 00:15:00
"426",2010,60,1.53854166666667,2010-03-01 00:15:00
"427",2010,61,3.6125,2010-03-02 00:15:00
"428",2010,62,0.0270833333333333,2010-03-03 00:15:00
"429",2010,63,0.576041666666667,2010-03-04 00:15:00
"430",2010,64,0.740625,2010-03-05 00:15:00
"431",2010,65,2.50520833333333,2010-03-06 00:15:00
"432",2010,66,3.69270833333333,2010-03-07 00:15:00
"433",2010,67,4.79895833333333,2010-03-08 00:15:00
"434",2010,68,2.540625,2010-03-09 00:15:00
"435",2010,69,3.60416666666667,2010-03-10 00:15:00
"436",2010,70,2.98020833333333,2010-03-11 00:15:00
"437",2010,71,2.828125,2010-03-12 00:15:00
"438",2010,72,0.995833333333333,2010-03-13 00:15:00
"439",2010,73,2.80217391304348,2010-03-14 00:15:00
"440",2010,74,2.41666666666667,2010-03-15 00:15:00
"441",2010,75,6.69270833333333,2010-03-16 00:15:00
"442",2010,76,8.81041666666667,2010-03-17 00:15:00
"443",2010,77,9.86770833333333,2010-03-18 00:15:00
"444",2010,78,11.2833333333333,2010-03-19 00:15:00
"445",2010,79,12.2166666666667,2010-03-20 00:15:00
"446",2010,80,7.778125,2010-03-21 00:15:00
"447",2010,81,4.58541666666667,2010-03-22 00:15:00
"448",2010,82,3.99375,2010-03-23 00:15:00
"449",2010,83,4.40104166666667,2010-03-24 00:15:00
"450",2010,84,7.80833333333333,2010-03-25 00:15:00
"451",2010,85,-0.321875,2010-03-26 00:15:00
"452",2010,86,-2.14583333333333,2010-03-27 00:15:00
"453",2010,87,1.57604166666667,2010-03-28 00:15:00
"454",2010,88,8.68854166666667,2010-03-29 00:15:00
"455",2010,89,5.73333333333333,2010-03-30 00:15:00
"456",2010,90,7.11666666666667,2010-03-31 00:15:00
"457",2010,91,9.6,2010-04-01 00:15:00
"458",2010,92,14.2135416666667,2010-04-02 00:15:00
"459",2010,93,15.053125,2010-04-03 00:15:00
"460",2010,94,13.8333333333333,2010-04-04 00:15:00
"461",2010,95,14.065625,2010-04-05 00:15:00
"462",2010,96,12.071875,2010-04-06 00:15:00
"463",2010,97,18.0979166666667,2010-04-07 00:15:00
"464",2010,98,14.06875,2010-04-08 00:15:00
"465",2010,99,6.36979166666667,2010-04-09 00:15:00
"466",2010,100,5.81666666666667,2010-04-10 00:15:00
"467",2010,101,11.184375,2010-04-11 00:15:00
"468",2010,102,7.37916666666667,2010-04-12 00:15:00
"469",2010,103,7.11875,2010-04-13 00:15:00
"470",2010,104,9.39479166666667,2010-04-14 00:15:00
"471",2010,105,9.353125,2010-04-15 00:15:00
"472",2010,106,3.23645833333333,2010-04-16 00:15:00
"473",2010,107,3.196875,2010-04-17 00:15:00
"474",2010,108,4.340625,2010-04-18 00:15:00
"475",2010,109,7.040625,2010-04-19 00:15:00
"476",2010,110,10.8635416666667,2010-04-20 00:15:00
"477",2010,111,12.8604166666667,2010-04-21 00:15:00
"478",2010,112,11.884375,2010-04-22 00:15:00
"479",2010,113,9.47604166666667,2010-04-23 00:15:00
"480",2010,114,11.4697916666667,2010-04-24 00:15:00
"481",2010,115,10.5958333333333,2010-04-25 00:15:00
"482",2010,116,10.2677083333333,2010-04-26 00:15:00
"483",2010,117,4.65416666666667,2010-04-27 00:15:00
"484",2010,118,1.80104166666667,2010-04-28 00:15:00
"485",2010,119,7.11041666666667,2010-04-29 00:15:00
"486",2010,120,13.00625,2010-04-30 00:15:00
"487",2010,121,19.66875,2010-05-01 00:15:00
"488",2010,122,22.775,2010-05-02 00:15:00
"489",2010,123,19.4166666666667,2010-05-03 00:15:00
"490",2010,124,14.6927083333333,2010-05-04 00:15:00
"491",2010,125,16.1072916666667,2010-05-05 00:15:00
"492",2010,126,14.8864583333333,2010-05-06 00:15:00
"493",2010,127,12.178125,2010-05-07 00:15:00
"494",2010,128,9.28333333333333,2010-05-08 00:15:00
"495",2010,129,3.99895833333333,2010-05-09 00:15:00
"496",2010,130,5.95833333333333,2010-05-10 00:15:00
"497",2010,131,6.859375,2010-05-11 00:15:00
"498",2010,132,5.421875,2010-05-12 00:15:00
"499",2010,133,10.40625,2010-05-13 00:15:00
"500",2010,134,12.88125,2010-05-14 00:15:00
"501",2010,135,13.9854166666667,2010-05-15 00:15:00
"502",2010,136,13.1229166666667,2010-05-16 00:15:00
"503",2010,137,15.34375,2010-05-17 00:15:00
"504",2010,138,11.784375,2010-05-18 00:15:00
"505",2010,139,10.34375,2010-05-19 00:15:00
"506",2010,140,17.54375,2010-05-20 00:15:00
"507",2010,141,18.621875,2010-05-21 00:15:00
"508",2010,142,17.7729166666667,2010-05-22 00:15:00
"509",2010,143,17.465625,2010-05-23 00:15:00
"510",2010,144,19.803125,2010-05-24 00:15:00
"511",2010,145,22.4708333333333,2010-05-25 00:15:00
"512",2010,146,24.9260416666667,2010-05-26 00:15:00
"513",2010,147,17.3072916666667,2010-05-27 00:15:00
"514",2010,148,17.0302083333333,2010-05-28 00:15:00
"515",2010,149,17.0885416666667,2010-05-29 00:15:00
"516",2010,150,19.3541666666667,2010-05-30 00:15:00
"517",2010,151,19.5364583333333,2010-05-31 00:15:00
"518",2010,152,18.1166666666667,2010-06-01 00:15:00
"519",2010,153,20.26875,2010-06-02 00:15:00
"520",2010,154,20.0083333333333,2010-06-03 00:15:00
"521",2010,155,21.1364583333333,2010-06-04 00:15:00
"522",2010,156,22.1916666666667,2010-06-05 00:15:00
"523",2010,157,17.6916666666667,2010-06-06 00:15:00
"524",2010,158,14.0895833333333,2010-06-07 00:15:00
"525",2010,159,13.240625,2010-06-08 00:15:00
"526",2010,160,11.6052083333333,2010-06-09 00:15:00
"527",2010,161,12.3260416666667,2010-06-10 00:15:00
"528",2010,162,15.0583333333333,2010-06-11 00:15:00
"529",2010,163,15.04375,2010-06-12 00:15:00
"530",2010,164,15.0541666666667,2010-06-13 00:15:00
"531",2010,165,17.4979166666667,2010-06-14 00:15:00
"532",2010,166,16.9739583333333,2010-06-15 00:15:00
"533",2010,167,16.0614583333333,2010-06-16 00:15:00
"534",2010,168,16.6041666666667,2010-06-17 00:15:00
"535",2010,169,20.725,2010-06-18 00:15:00
"536",2010,170,21.234375,2010-06-19 00:15:00
"537",2010,171,21.7833333333333,2010-06-20 00:15:00
"538",2010,172,21.8927083333333,2010-06-21 00:15:00
"539",2010,173,20.0822916666667,2010-06-22 00:15:00
"540",2010,174,20.99375,2010-06-23 00:15:00
"541",2010,175,22.928125,2010-06-24 00:15:00
"542",2010,176,20.415625,2010-06-25 00:15:00
"543",2010,177,18.965625,2010-06-26 00:15:00
"544",2010,178,21.796875,2010-06-27 00:15:00
"545",2010,179,24.1197916666667,2010-06-28 00:15:00
"546",2010,180,21.4072916666667,2010-06-29 00:15:00
"547",2010,181,15.2666666666667,2010-06-30 00:15:00
"548",2010,182,14.396875,2010-07-01 00:15:00
"549",2010,183,17.0864583333333,2010-07-02 00:15:00
"550",2010,184,20.5791666666667,2010-07-03 00:15:00
"551",2010,185,22.0885416666667,2010-07-04 00:15:00
"552",2010,186,25.4427083333333,2010-07-05 00:15:00
"553",2010,187,27.809375,2010-07-06 00:15:00
"554",2010,188,27.628125,2010-07-07 00:15:00
"555",2010,189,24.546875,2010-07-08 00:15:00
"556",2010,190,24.4979166666667,2010-07-09 00:15:00
"557",2010,191,21.1177083333333,2010-07-10 00:15:00
"558",2010,192,22.390625,2010-07-11 00:15:00
"559",2010,193,23.546875,2010-07-12 00:15:00
"560",2010,194,23.625,2010-07-13 00:15:00
"561",2010,195,21.4520833333333,2010-07-14 00:15:00
"562",2010,196,22.0989583333333,2010-07-15 00:15:00
"563",2010,197,23.078125,2010-07-16 00:15:00
"564",2010,198,23.853125,2010-07-17 00:15:00
"565",2010,199,22.2729166666667,2010-07-18 00:15:00
"566",2010,200,22.5614583333333,2010-07-19 00:15:00
"567",2010,201,21.4572916666667,2010-07-20 00:15:00
"568",2010,202,21.4895833333333,2010-07-21 00:15:00
"569",2010,203,20.015625,2010-07-22 00:15:00
"570",2010,204,18.4927083333333,2010-07-23 00:15:00
"571",2010,205,24.3760416666667,2010-07-24 00:15:00
"572",2010,206,22.5927083333333,2010-07-25 00:15:00
"573",2010,207,19.1541666666667,2010-07-26 00:15:00
"574",2010,208,21.5197916666667,2010-07-27 00:15:00
"575",2010,209,23.1510416666667,2010-07-28 00:15:00
"576",2010,210,23.1489583333333,2010-07-29 00:15:00
"577",2010,211,18.2260416666667,2010-07-30 00:15:00
"578",2010,212,17.4020833333333,2010-07-31 00:15:00
"579",2010,213,18.978125,2010-08-01 00:15:00
"580",2010,214,19.8645833333333,2010-08-02 00:15:00
"581",2010,215,21.853125,2010-08-03 00:15:00
"582",2010,216,24.2552083333333,2010-08-04 00:15:00
"583",2010,217,22.884375,2010-08-05 00:15:00
"584",2010,218,20.7854166666667,2010-08-06 00:15:00
"585",2010,219,17.0125,2010-08-07 00:15:00
"586",2010,220,20.4385416666667,2010-08-08 00:15:00
"587",2010,221,24.4125,2010-08-09 00:15:00
"588",2010,222,23.0520833333333,2010-08-10 00:15:00
"589",2010,223,22.8208333333333,2010-08-11 00:15:00
"590",2010,224,19.7583333333333,2010-08-12 00:15:00
"591",2010,225,18.5708333333333,2010-08-13 00:15:00
"592",2010,226,18.81875,2010-08-14 00:15:00
"593",2010,227,18.4604166666667,2010-08-15 00:15:00
"594",2010,228,20.2947916666667,2010-08-16 00:15:00
"595",2010,229,22.4833333333333,2010-08-17 00:15:00
"596",2010,230,20.471875,2010-08-18 00:15:00
"597",2010,231,21.9989583333333,2010-08-19 00:15:00
"598",2010,232,19.7291666666667,2010-08-20 00:15:00
"599",2010,233,17.6,2010-08-21 00:15:00
"600",2010,234,17.4135416666667,2010-08-22 00:15:00
"601",2010,235,15.378125,2010-08-23 00:15:00
"602",2010,236,16.2979166666667,2010-08-24 00:15:00
"603",2010,237,16.0552083333333,2010-08-25 00:15:00
"604",2010,238,18.9770833333333,2010-08-26 00:15:00
"605",2010,239,16.0958333333333,2010-08-27 00:15:00
"606",2010,240,17.8229166666667,2010-08-28 00:15:00
"607",2010,241,22.2697916666667,2010-08-29 00:15:00
"608",2010,242,23.1489583333333,2010-08-30 00:15:00
"609",2010,243,25.246875,2010-08-31 00:15:00
"610",2010,244,25.2166666666667,2010-09-01 00:15:00
"611",2010,245,25.5427083333333,2010-09-02 00:15:00
"612",2010,246,23.1052083333333,2010-09-03 00:15:00
"613",2010,247,19.8,2010-09-04 00:15:00
"614",2010,248,14.49375,2010-09-05 00:15:00
"615",2010,249,16.5895833333333,2010-09-06 00:15:00
"616",2010,250,21.0083333333333,2010-09-07 00:15:00
"617",2010,251,19.4875,2010-09-08 00:15:00
"618",2010,252,14.1416666666667,2010-09-09 00:15:00
"619",2010,253,13.0916666666667,2010-09-10 00:15:00
"620",2010,254,15.7104166666667,2010-09-11 00:15:00
"621",2010,255,12.8145833333333,2010-09-12 00:15:00
"622",2010,256,13.5833333333333,2010-09-13 00:15:00
"623",2010,257,14.6916666666667,2010-09-14 00:15:00
"624",2010,258,11.7270833333333,2010-09-15 00:15:00
"625",2010,259,13.078125,2010-09-16 00:15:00
"626",2010,260,15.1677083333333,2010-09-17 00:15:00
"627",2010,261,13.7979166666667,2010-09-18 00:15:00
"628",2010,262,16.1125,2010-09-19 00:15:00
"629",2010,263,13.0635416666667,2010-09-20 00:15:00
"630",2010,264,13.1770833333333,2010-09-21 00:15:00
"631",2010,265,19.8166666666667,2010-09-22 00:15:00
"632",2010,266,17.878125,2010-09-23 00:15:00
"633",2010,267,19.9020833333333,2010-09-24 00:15:00
"634",2010,268,21.040625,2010-09-25 00:15:00
"635",2010,269,13.996875,2010-09-26 00:15:00
"636",2010,270,12.6010416666667,2010-09-27 00:15:00
"637",2010,271,19.5010416666667,2010-09-28 00:15:00
"638",2010,272,19.9489583333333,2010-09-29 00:15:00
"639",2010,273,20.1052083333333,2010-09-30 00:15:00
"640",2010,274,15.9885416666667,2010-10-01 00:15:00
"641",2010,275,10.525,2010-10-02 00:15:00
"642",2010,276,8.47395833333333,2010-10-03 00:15:00
"643",2010,277,10.1979166666667,2010-10-04 00:15:00
"644",2010,278,10.9020833333333,2010-10-05 00:15:00
"645",2010,279,10.1739583333333,2010-10-06 00:15:00
"646",2010,280,10.728125,2010-10-07 00:15:00
"647",2010,281,12.9864583333333,2010-10-08 00:15:00
"648",2010,282,10.3697916666667,2010-10-09 00:15:00
"649",2010,283,8.946875,2010-10-10 00:15:00
"650",2010,284,11.8572916666667,2010-10-11 00:15:00
"651",2010,285,9.37916666666667,2010-10-12 00:15:00
"652",2010,286,7.90104166666667,2010-10-13 00:15:00
"653",2010,287,8.89375,2010-10-14 00:15:00
"654",2010,288,5.278125,2010-10-15 00:15:00
"655",2010,289,6.575,2010-10-16 00:15:00
"656",2010,290,7.97083333333333,2010-10-17 00:15:00
"657",2010,291,6.70842105263158,2010-10-18 00:15:00
"658",2010,292,5.34895833333333,2010-10-19 00:15:00
"659",2010,293,7.58645833333333,2010-10-20 00:15:00
"660",2010,294,6.203125,2010-10-21 00:15:00
"661",2010,295,2.59479166666667,2010-10-22 00:15:00
"662",2010,296,5.771875,2010-10-23 00:15:00
"663",2010,297,6.73333333333333,2010-10-24 00:15:00
"664",2010,298,11.6916666666667,2010-10-25 00:15:00
"665",2010,299,18.0958333333333,2010-10-26 00:15:00
"666",2010,300,18.2885416666667,2010-10-27 00:15:00
"667",2010,301,14.21875,2010-10-28 00:15:00
"668",2010,302,6.09375,2010-10-29 00:15:00
"669",2010,303,5.78229166666667,2010-10-30 00:15:00
"670",2010,304,4.74166666666667,2010-10-31 00:15:00
"671",2010,305,1.75208333333333,2010-11-01 00:15:00
"672",2010,306,2.37604166666667,2010-11-02 00:15:00
"673",2010,307,1.59479166666667,2010-11-03 00:15:00
"674",2010,308,5.05729166666667,2010-11-04 00:15:00
"675",2010,309,5.75208333333333,2010-11-05 00:15:00
"676",2010,310,3.01458333333333,2010-11-06 00:15:00
"677",2010,311,1.51041666666667,2010-11-07 00:15:00
"678",2010,312,1.04479166666667,2010-11-08 00:15:00
"679",2010,313,5.053125,2010-11-09 00:15:00
"680",2010,314,5.69791666666667,2010-11-10 00:15:00
"681",2010,315,5.04270833333333,2010-11-11 00:15:00
"682",2010,316,7.73229166666667,2010-11-12 00:15:00
"683",2010,317,8.76875,2010-11-13 00:15:00
"684",2010,318,6.55,2010-11-14 00:15:00
"685",2010,319,6.41041666666667,2010-11-15 00:15:00
"686",2010,320,7.34375,2010-11-16 00:15:00
"687",2010,321,8.96041666666667,2010-11-17 00:15:00
"688",2010,322,4.71041666666667,2010-11-18 00:15:00
"689",2010,323,-0.0885416666666667,2010-11-19 00:15:00
"690",2010,324,2.94479166666667,2010-11-20 00:15:00
"691",2010,325,-0.559375,2010-11-21 00:15:00
"692",2010,326,5.86875,2010-11-22 00:15:00
"693",2010,327,10.1708333333333,2010-11-23 00:15:00
"694",2010,328,2.31354166666667,2010-11-24 00:15:00
"695",2010,329,-1.58333333333333,2010-11-25 00:15:00
"696",2010,330,0.4625,2010-11-26 00:15:00
"697",2010,331,-1.27916666666667,2010-11-27 00:15:00
"698",2010,332,-1.45104166666667,2010-11-28 00:15:00
"699",2010,333,0.09375,2010-11-29 00:15:00
"700",2010,334,3.48229166666667,2010-11-30 00:15:00
"701",2010,335,7.74375,2010-12-01 00:15:00
"702",2010,336,-0.286458333333333,2010-12-02 00:15:00
"703",2010,337,-1.340625,2010-12-03 00:15:00
"704",2010,338,-1.57916666666667,2010-12-04 00:15:00
"705",2010,339,-4.23645833333333,2010-12-05 00:15:00
"706",2010,340,-5.571875,2010-12-06 00:15:00
"707",2010,341,-4.48541666666667,2010-12-07 00:15:00
"708",2010,342,-6.07083333333333,2010-12-08 00:15:00
"709",2010,343,-9.76770833333333,2010-12-09 00:15:00
"710",2010,344,-10.0770833333333,2010-12-10 00:15:00
"711",2010,345,-1.878125,2010-12-11 00:15:00
"712",2010,346,5.14791666666667,2010-12-12 00:15:00
"713",2010,347,5.00625,2010-12-13 00:15:00
"714",2010,348,-9.1625,2010-12-14 00:15:00
"715",2010,349,-11.4322916666667,2010-12-15 00:15:00
"716",2010,350,-7.58958333333333,2010-12-16 00:15:00
"717",2010,351,-6.76354166666667,2010-12-17 00:15:00
"718",2010,352,-3.78541666666667,2010-12-18 00:15:00
"719",2010,353,-4.140625,2010-12-19 00:15:00
"720",2010,354,-6.51145833333333,2010-12-20 00:15:00
"721",2010,355,-3.16666666666667,2010-12-21 00:15:00
"722",2010,356,-1.8375,2010-12-22 00:15:00
"723",2010,357,-2.62604166666667,2010-12-23 00:15:00
"724",2010,358,-4.13229166666667,2010-12-24 00:15:00
"725",2010,359,-7.02291666666667,2010-12-25 00:15:00
"726",2010,360,-6.78645833333333,2010-12-26 00:15:00
"727",2010,361,-8.74375,2010-12-27 00:15:00
"728",2010,362,-6.48125,2010-12-28 00:15:00
"729",2010,363,-2.26666666666667,2010-12-29 00:15:00
"730",2010,364,-2.23541666666667,2010-12-30 00:15:00
"731",2010,365,2.01979166666667,2010-01-01 00:00:00
"732",2011,1,6.95,2011-01-01 00:15:00
"733",2011,2,4.38333333333333,2011-01-02 00:15:00
"734",2011,3,-4.11458333333333,2011-01-03 00:15:00
"735",2011,4,-4.31041666666667,2011-01-04 00:15:00
"736",2011,5,-4.04791666666667,2011-01-05 00:15:00
"737",2011,6,-7.496875,2011-01-06 00:15:00
"738",2011,7,-5.88229166666667,2011-01-07 00:15:00
"739",2011,8,-5.36770833333333,2011-01-08 00:15:00
"740",2011,9,-5.46875,2011-01-09 00:15:00
"741",2011,10,-6.15833333333333,2011-01-10 00:15:00
"742",2011,11,-7.003125,2011-01-11 00:15:00
"743",2011,12,-6.09270833333333,2011-01-12 00:15:00
"744",2011,13,-7.56979166666667,2011-01-13 00:15:00
"745",2011,14,-11.3322916666667,2011-01-14 00:15:00
"746",2011,15,-9.24479166666667,2011-01-15 00:15:00
"747",2011,16,-5.86875,2011-01-16 00:15:00
"748",2011,17,-12.796875,2011-01-17 00:15:00
"749",2011,18,-5.496875,2011-01-18 00:15:00
"750",2011,19,-1.415625,2011-01-19 00:15:00
"751",2011,20,-6.95833333333333,2011-01-20 00:15:00
"752",2011,21,-7.96354166666667,2011-01-21 00:15:00
"753",2011,22,-11.5020833333333,2011-01-22 00:15:00
"754",2011,23,-13.7041666666667,2011-01-23 00:15:00
"755",2011,24,-19.0572916666667,2011-01-24 00:15:00
"756",2011,25,-9.096875,2011-01-25 00:15:00
"757",2011,26,-5.34583333333333,2011-01-26 00:15:00
"758",2011,27,-5.090625,2011-01-27 00:15:00
"759",2011,28,-5.65625,2011-01-28 00:15:00
"760",2011,29,-3.865625,2011-01-29 00:15:00
"761",2011,30,-5.71458333333333,2011-01-30 00:15:00
"762",2011,31,-9.73229166666667,2011-01-31 00:15:00
"763",2011,32,-10.1385416666667,2011-02-01 00:15:00
"764",2011,33,-7.57916666666667,2011-02-02 00:15:00
"765",2011,34,-8.625,2011-02-03 00:15:00
"766",2011,35,-6.53020833333333,2011-02-04 00:15:00
"767",2011,36,-2.97083333333333,2011-02-05 00:15:00
"768",2011,37,-0.0989583333333333,2011-02-06 00:15:00
"769",2011,38,-0.835416666666667,2011-02-07 00:15:00
"770",2011,39,-4.29375,2011-02-08 00:15:00
"771",2011,40,-9.44895833333333,2011-02-09 00:15:00
"772",2011,41,-9.2625,2011-02-10 00:15:00
"773",2011,42,-10.2947916666667,2011-02-11 00:15:00
"774",2011,43,-4.23645833333333,2011-02-12 00:15:00
"775",2011,44,-4.253125,2011-02-13 00:15:00
"776",2011,45,4.04583333333333,2011-02-14 00:15:00
"777",2011,46,-7.76875,2011-02-15 00:15:00
"778",2011,47,-3.96458333333333,2011-02-16 00:15:00
"779",2011,48,6.178125,2011-02-17 00:15:00
"780",2011,49,9.04166666666667,2011-02-18 00:15:00
"781",2011,50,-4.12916666666667,2011-02-19 00:15:00
"782",2011,51,-7.49479166666667,2011-02-20 00:15:00
"783",2011,52,-8.09166666666667,2011-02-21 00:15:00
"784",2011,53,-8.82916666666667,2011-02-22 00:15:00
"785",2011,54,-5.29270833333333,2011-02-23 00:15:00
"786",2011,55,-2.0625,2011-02-24 00:15:00
"787",2011,56,-1.34895833333333,2011-02-25 00:15:00
"788",2011,57,-4.040625,2011-02-26 00:15:00
"789",2011,58,-4.24583333333333,2011-02-27 00:15:00
"790",2011,59,-1.64583333333333,2011-02-28 00:15:00
"791",2011,60,-2.659375,2011-03-01 00:15:00
"792",2011,61,-2.08854166666667,2011-03-02 00:15:00
"793",2011,62,-10.2302083333333,2011-03-03 00:15:00
"794",2011,63,-5.184375,2011-03-04 00:15:00
"795",2011,64,4.58854166666667,2011-03-05 00:15:00
"796",2011,65,7.4875,2011-03-06 00:15:00
"797",2011,66,-1.81145833333333,2011-03-07 00:15:00
"798",2011,67,-2.596875,2011-03-08 00:15:00
"799",2011,68,-2.13541666666667,2011-03-09 00:15:00
"800",2011,69,0.615625,2011-03-10 00:15:00
"801",2011,70,5.61041666666667,2011-03-11 00:15:00
"802",2011,71,2.18854166666667,2011-03-12 00:15:00
"803",2011,72,2.43369565217391,2011-03-13 00:15:00
"804",2011,73,0.117708333333333,2011-03-14 00:15:00
"805",2011,74,-0.123958333333333,2011-03-15 00:15:00
"806",2011,75,0.920833333333333,2011-03-16 00:15:00
"807",2011,76,7.04270833333333,2011-03-17 00:15:00
"808",2011,77,10.4625,2011-03-18 00:15:00
"809",2011,78,2.58333333333333,2011-03-19 00:15:00
"810",2011,79,-0.0322916666666667,2011-03-20 00:15:00
"811",2011,80,-0.64375,2011-03-21 00:15:00
"812",2011,81,0.01875,2011-03-22 00:15:00
"813",2011,82,-2.071875,2011-03-23 00:15:00
"814",2011,83,-0.919791666666667,2011-03-24 00:15:00
"815",2011,84,-2.42916666666667,2011-03-25 00:15:00
"816",2011,85,-3.996875,2011-03-26 00:15:00
"817",2011,86,-2.65520833333333,2011-03-27 00:15:00
"818",2011,87,-1.003125,2011-03-28 00:15:00
"819",2011,88,-0.20625,2011-03-29 00:15:00
"820",2011,89,3.12604166666667,2011-03-30 00:15:00
"821",2011,90,1.99583333333333,2011-03-31 00:15:00
"822",2011,91,-0.183333333333333,2011-04-01 00:15:00
"823",2011,92,2.63645833333333,2011-04-02 00:15:00
"824",2011,93,4.00104166666667,2011-04-03 00:15:00
"825",2011,94,4.11979166666667,2011-04-04 00:15:00
"826",2011,95,5.57083333333333,2011-04-05 00:15:00
"827",2011,96,2.55104166666667,2011-04-06 00:15:00
"828",2011,97,3.50729166666667,2011-04-07 00:15:00
"829",2011,98,4.35833333333333,2011-04-08 00:15:00
"830",2011,99,7.4,2011-04-09 00:15:00
"831",2011,100,9.18229166666667,2011-04-10 00:15:00
"832",2011,101,13.6447916666667,2011-04-11 00:15:00
"833",2011,102,12.0864583333333,2011-04-12 00:15:00
"834",2011,103,4.77604166666667,2011-04-13 00:15:00
"835",2011,104,8.41458333333333,2011-04-14 00:15:00
"836",2011,105,4.659375,2011-04-15 00:15:00
"837",2011,106,1.98958333333333,2011-04-16 00:15:00
"838",2011,107,8.171875,2011-04-17 00:15:00
"839",2011,108,7.20729166666667,2011-04-18 00:15:00
"840",2011,109,5.15625,2011-04-19 00:15:00
"841",2011,110,4.5125,2011-04-20 00:15:00
"842",2011,111,4.284375,2011-04-21 00:15:00
"843",2011,112,4.921875,2011-04-22 00:15:00
"844",2011,113,4.83541666666667,2011-04-23 00:15:00
"845",2011,114,13.2375,2011-04-24 00:15:00
"846",2011,115,11.2614583333333,2011-04-25 00:15:00
"847",2011,116,15.1333333333333,2011-04-26 00:15:00
"848",2011,117,18.7739583333333,2011-04-27 00:15:00
"849",2011,118,17.0208333333333,2011-04-28 00:15:00
"850",2011,119,13.2489583333333,2011-04-29 00:15:00
"851",2011,120,10.4708333333333,2011-04-30 00:15:00
"852",2011,121,11.3166666666667,2011-05-01 00:15:00
"853",2011,122,10.8666666666667,2011-05-02 00:15:00
"854",2011,123,16.1166666666667,2011-05-03 00:15:00
"855",2011,124,10.1302083333333,2011-05-04 00:15:00
"856",2011,125,6.05104166666667,2011-05-05 00:15:00
"857",2011,126,11.6916666666667,2011-05-06 00:15:00
"858",2011,127,13.315625,2011-05-07 00:15:00
"859",2011,128,11.7885416666667,2011-05-08 00:15:00
"860",2011,129,13.253125,2011-05-09 00:15:00
"861",2011,130,11.5947916666667,2011-05-10 00:15:00
"862",2011,131,11.2947916666667,2011-05-11 00:15:00
"863",2011,132,12.5958333333333,2011-05-12 00:15:00
"864",2011,133,14.1375,2011-05-13 00:15:00
"865",2011,134,12.928125,2011-05-14 00:15:00
"866",2011,135,11.86875,2011-05-15 00:15:00
"867",2011,136,8.5875,2011-05-16 00:15:00
"868",2011,137,8.44166666666667,2011-05-17 00:15:00
"869",2011,138,10.5677083333333,2011-05-18 00:15:00
"870",2011,139,13.4416666666667,2011-05-19 00:15:00
"871",2011,140,14.8479166666667,2011-05-20 00:15:00
"872",2011,141,15.3947916666667,2011-05-21 00:15:00
"873",2011,142,11.21875,2011-05-22 00:15:00
"874",2011,143,11.9416666666667,2011-05-23 00:15:00
"875",2011,144,18.3666666666667,2011-05-24 00:15:00
"876",2011,145,18.5229166666667,2011-05-25 00:15:00
"877",2011,146,19.953125,2011-05-26 00:15:00
"878",2011,147,22.5864583333333,2011-05-27 00:15:00
"879",2011,148,20.4572916666667,2011-05-28 00:15:00
"880",2011,149,21.6489583333333,2011-05-29 00:15:00
"881",2011,150,22.3958333333333,2011-05-30 00:15:00
"882",2011,151,22.5520833333333,2011-05-31 00:15:00
"883",2011,152,20.7760416666667,2011-06-01 00:15:00
"884",2011,153,13.6677083333333,2011-06-02 00:15:00
"885",2011,154,12.4854166666667,2011-06-03 00:15:00
"886",2011,155,13.9229166666667,2011-06-04 00:15:00
"887",2011,156,14.4635416666667,2011-06-05 00:15:00
"888",2011,157,18.83125,2011-06-06 00:15:00
"889",2011,158,21.5802083333333,2011-06-07 00:15:00
"890",2011,159,23.8375,2011-06-08 00:15:00
"891",2011,160,20.3302083333333,2011-06-09 00:15:00
"892",2011,161,19.8239583333333,2011-06-10 00:15:00
"893",2011,162,12.525,2011-06-11 00:15:00
"894",2011,163,10.8479166666667,2011-06-12 00:15:00
"895",2011,164,14.7989583333333,2011-06-13 00:15:00
"896",2011,165,11.8197916666667,2011-06-14 00:15:00
"897",2011,166,16.2020833333333,2011-06-15 00:15:00
"898",2011,167,19.4947916666667,2011-06-16 00:15:00
"899",2011,168,17.165625,2011-06-17 00:15:00
"900",2011,169,19.5895833333333,2011-06-18 00:15:00
"901",2011,170,17.30625,2011-06-19 00:15:00
"902",2011,171,18.1802083333333,2011-06-20 00:15:00
"903",2011,172,20.2395833333333,2011-06-21 00:15:00
"904",2011,173,17.5625,2011-06-22 00:15:00
"905",2011,174,15.79375,2011-06-23 00:15:00
"906",2011,175,12.7541666666667,2011-06-24 00:15:00
"907",2011,176,15.190625,2011-06-25 00:15:00
"908",2011,177,18.7520833333333,2011-06-26 00:15:00
"909",2011,178,20.634375,2011-06-27 00:15:00
"910",2011,179,21.6135416666667,2011-06-28 00:15:00
"911",2011,180,19.56875,2011-06-29 00:15:00
"912",2011,181,18.25,2011-06-30 00:15:00
"913",2011,182,18.0666666666667,2011-07-01 00:15:00
"914",2011,183,20.7302083333333,2011-07-02 00:15:00
"915",2011,184,19.8104166666667,2011-07-03 00:15:00
"916",2011,185,22.3833333333333,2011-07-04 00:15:00
"917",2011,186,22.7791666666667,2011-07-05 00:15:00
"918",2011,187,22.3416666666667,2011-07-06 00:15:00
"919",2011,188,20.8760416666667,2011-07-07 00:15:00
"920",2011,189,19.3416666666667,2011-07-08 00:15:00
"921",2011,190,20.61875,2011-07-09 00:15:00
"922",2011,191,20.4197916666667,2011-07-10 00:15:00
"923",2011,192,24.3229166666667,2011-07-11 00:15:00
"924",2011,193,25.1916666666667,2011-07-12 00:15:00
"925",2011,194,20.3510416666667,2011-07-13 00:15:00
"926",2011,195,18.1979166666667,2011-07-14 00:15:00
"927",2011,196,20.20625,2011-07-15 00:15:00
"928",2011,197,21.7375,2011-07-16 00:15:00
"929",2011,198,23.8760416666667,2011-07-17 00:15:00
"930",2011,199,22.3145833333333,2011-07-18 00:15:00
"931",2011,200,22.190625,2011-07-19 00:15:00
"932",2011,201,22.9614583333333,2011-07-20 00:15:00
"933",2011,202,25.859375,2011-07-21 00:15:00
"934",2011,203,28.246875,2011-07-22 00:15:00
"935",2011,204,24.7770833333333,2011-07-23 00:15:00
"936",2011,205,23.0822916666667,2011-07-24 00:15:00
"937",2011,206,17.496875,2011-07-25 00:15:00
"938",2011,207,18.6322916666667,2011-07-26 00:15:00
"939",2011,208,19.3885416666667,2011-07-27 00:15:00
"940",2011,209,20.7708333333333,2011-07-28 00:15:00
"941",2011,210,20.79375,2011-07-29 00:15:00
"942",2011,211,22.1895833333333,2011-07-30 00:15:00
"943",2011,212,21.8291666666667,2011-07-31 00:15:00
"944",2011,213,21.4208333333333,2011-08-01 00:15:00
"945",2011,214,20.6520833333333,2011-08-02 00:15:00
"946",2011,215,19.3729166666667,2011-08-03 00:15:00
"947",2011,216,20.2729166666667,2011-08-04 00:15:00
"948",2011,217,20.8635416666667,2011-08-05 00:15:00
"949",2011,218,21.8135416666667,2011-08-06 00:15:00
"950",2011,219,22.6552083333333,2011-08-07 00:15:00
"951",2011,220,22.465625,2011-08-08 00:15:00
"952",2011,221,20.3197916666667,2011-08-09 00:15:00
"953",2011,222,20.35625,2011-08-10 00:15:00
"954",2011,223,18.278125,2011-08-11 00:15:00
"955",2011,224,18.0427083333333,2011-08-12 00:15:00
"956",2011,225,20.3145833333333,2011-08-13 00:15:00
"957",2011,226,18.0208333333333,2011-08-14 00:15:00
"958",2011,227,16.703125,2011-08-15 00:15:00
"959",2011,228,15.9427083333333,2011-08-16 00:15:00
"960",2011,229,19.5614583333333,2011-08-17 00:15:00
"961",2011,230,21.4645833333333,2011-08-18 00:15:00
"962",2011,231,21.640625,2011-08-19 00:15:00
"963",2011,232,21.303125,2011-08-20 00:15:00
"964",2011,233,20.6625,2011-08-21 00:15:00
"965",2011,234,17.7614583333333,2011-08-22 00:15:00
"966",2011,235,15.7479166666667,2011-08-23 00:15:00
"967",2011,236,18.8677083333333,2011-08-24 00:15:00
"968",2011,237,20.215625,2011-08-25 00:15:00
"969",2011,238,20.76875,2011-08-26 00:15:00
"970",2011,239,20.2125,2011-08-27 00:15:00
"971",2011,240,19.0802083333333,2011-08-28 00:15:00
"972",2011,241,16.2083333333333,2011-08-29 00:15:00
"973",2011,242,17.5729166666667,2011-08-30 00:15:00
"974",2011,243,19.4072916666667,2011-08-31 00:15:00
"975",2011,244,18.8677083333333,2011-09-01 00:15:00
"976",2011,245,18.115625,2011-09-02 00:15:00
"977",2011,246,20.4583333333333,2011-09-03 00:15:00
"978",2011,247,21.60625,2011-09-04 00:15:00
"979",2011,248,21.1895833333333,2011-09-05 00:15:00
"980",2011,249,14.9635416666667,2011-09-06 00:15:00
"981",2011,250,13.4760416666667,2011-09-07 00:15:00
"982",2011,251,15.8635416666667,2011-09-08 00:15:00
"983",2011,252,18.7260416666667,2011-09-09 00:15:00
"984",2011,253,16.8166666666667,2011-09-10 00:15:00
"985",2011,254,14.8958333333333,2011-09-11 00:15:00
"986",2011,255,18.5145833333333,2011-09-12 00:15:00
"987",2011,256,20.5125,2011-09-13 00:15:00
"988",2011,257,20.084375,2011-09-14 00:15:00
"989",2011,258,14.959375,2011-09-15 00:15:00
"990",2011,259,8.73854166666667,2011-09-16 00:15:00
"991",2011,260,9.91458333333333,2011-09-17 00:15:00
"992",2011,261,10.9770833333333,2011-09-18 00:15:00
"993",2011,262,11.4260416666667,2011-09-19 00:15:00
"994",2011,263,13.4635416666667,2011-09-20 00:15:00
"995",2011,264,17.3854166666667,2011-09-21 00:15:00
"996",2011,265,19.3166666666667,2011-09-22 00:15:00
"997",2011,266,19.6052083333333,2011-09-23 00:15:00
"998",2011,267,20.5729166666667,2011-09-24 00:15:00
"999",2011,268,19.8489583333333,2011-09-25 00:15:00
"1000",2011,269,20.1770833333333,2011-09-26 00:15:00
"1001",2011,270,19.865625,2011-09-27 00:15:00
"1002",2011,271,17.9322916666667,2011-09-28 00:15:00
"1003",2011,272,16.3645833333333,2011-09-29 00:15:00
"1004",2011,273,16.0541666666667,2011-09-30 00:15:00
"1005",2011,274,12.2385416666667,2011-10-01 00:15:00
"1006",2011,275,12.346875,2011-10-02 00:15:00
"1007",2011,276,11.4104166666667,2011-10-03 00:15:00
"1008",2011,277,10.9645833333333,2011-10-04 00:15:00
"1009",2011,278,10.375,2011-10-05 00:15:00
"1010",2011,279,7.415625,2011-10-06 00:15:00
"1011",2011,280,8.97083333333333,2011-10-07 00:15:00
"1012",2011,281,15.0489583333333,2011-10-08 00:15:00
"1013",2011,282,18.4364583333333,2011-10-09 00:15:00
"1014",2011,283,18.8208333333333,2011-10-10 00:15:00
"1015",2011,284,14.3489583333333,2011-10-11 00:15:00
"1016",2011,285,10.9802083333333,2011-10-12 00:15:00
"1017",2011,286,13.1083333333333,2011-10-13 00:15:00
"1018",2011,287,15.0947916666667,2011-10-14 00:15:00
"1019",2011,288,10.9666666666667,2011-10-15 00:15:00
"1020",2011,289,11.815625,2011-10-16 00:15:00
"1021",2011,290,11.353125,2011-10-17 00:15:00
"1022",2011,291,10.0552083333333,2011-10-18 00:15:00
"1023",2011,292,10.4260416666667,2011-10-19 00:15:00
"1024",2011,293,12.6625,2011-10-20 00:15:00
"1025",2011,294,9.86354166666667,2011-10-21 00:15:00
"1026",2011,295,8.15833333333333,2011-10-22 00:15:00
"1027",2011,296,5.44895833333333,2011-10-23 00:15:00
"1028",2011,297,8.01145833333333,2011-10-24 00:15:00
"1029",2011,298,7.34166666666667,2011-10-25 00:15:00
"1030",2011,299,4.953125,2011-10-26 00:15:00
"1031",2011,300,2.103125,2011-10-27 00:15:00
"1032",2011,301,0.204166666666667,2011-10-28 00:15:00
"1033",2011,302,-0.622916666666667,2011-10-29 00:15:00
"1034",2011,303,0.0927083333333333,2011-10-30 00:15:00
"1035",2011,304,1.85625,2011-10-31 00:15:00
"1036",2011,305,2.965625,2011-11-01 00:15:00
"1037",2011,306,4.125,2011-11-02 00:15:00
"1038",2011,307,6.096875,2011-11-03 00:15:00
"1039",2011,308,3.84166666666667,2011-11-04 00:15:00
"1040",2011,309,1.65416666666667,2011-11-05 00:15:00
"1041",2011,310,4.34479166666667,2011-11-06 00:15:00
"1042",2011,311,8.18541666666667,2011-11-07 00:15:00
"1043",2011,312,11.303125,2011-11-08 00:15:00
"1044",2011,313,12.8177083333333,2011-11-09 00:15:00
"1045",2011,314,12.6302083333333,2011-11-10 00:15:00
"1046",2011,315,3.74583333333333,2011-11-11 00:15:00
"1047",2011,316,4.27291666666667,2011-11-12 00:15:00
"1048",2011,317,9.16041666666667,2011-11-13 00:15:00
"1049",2011,318,12.240625,2011-11-14 00:15:00
"1050",2011,319,12.1302083333333,2011-11-15 00:15:00
"1051",2011,320,9.91770833333333,2011-11-16 00:15:00
"1052",2011,321,4.07083333333333,2011-11-17 00:15:00
"1053",2011,322,0.0979166666666667,2011-11-18 00:15:00
"1054",2011,323,3.93229166666667,2011-11-19 00:15:00
"1055",2011,324,10.2979166666667,2011-11-20 00:15:00
"1056",2011,325,4.45416666666667,2011-11-21 00:15:00
"1057",2011,326,1.96354166666667,2011-11-22 00:15:00
"1058",2011,327,0.598958333333333,2011-11-23 00:15:00
"1059",2011,328,0.857291666666667,2011-11-24 00:15:00
"1060",2011,329,6.80729166666667,2011-11-25 00:15:00
"1061",2011,330,9.11041666666667,2011-11-26 00:15:00
"1062",2011,331,7.72291666666667,2011-11-27 00:15:00
"1063",2011,332,12.2635416666667,2011-11-28 00:15:00
"1064",2011,333,14.04375,2011-11-29 00:15:00
"1065",2011,334,7.64479166666667,2011-11-30 00:15:00
"1066",2011,335,2.05520833333333,2011-12-01 00:15:00
"1067",2011,336,1.28541666666667,2011-12-02 00:15:00
"1068",2011,337,0.308333333333333,2011-12-03 00:15:00
"1069",2011,338,4.403125,2011-12-04 00:15:00
"1070",2011,339,8.83958333333333,2011-12-05 00:15:00
"1071",2011,340,11.7229166666667,2011-12-06 00:15:00
"1072",2011,341,8.28541666666667,2011-12-07 00:15:00
"1073",2011,342,-0.1125,2011-12-08 00:15:00
"1074",2011,343,0.960416666666667,2011-12-09 00:15:00
"1075",2011,344,-0.791666666666667,2011-12-10 00:15:00
"1076",2011,345,-3.48958333333333,2011-12-11 00:15:00
"1077",2011,346,-0.33125,2011-12-12 00:15:00
"1078",2011,347,0.475,2011-12-13 00:15:00
"1079",2011,348,1.65729166666667,2011-12-14 00:15:00
"1080",2011,349,5.55729166666667,2011-12-15 00:15:00
"1081",2011,350,3.64270833333333,2011-12-16 00:15:00
"1082",2011,351,-2.203125,2011-12-17 00:15:00
"1083",2011,352,-9.38541666666667,2011-12-18 00:15:00
"1084",2011,353,-2.51666666666667,2011-12-19 00:15:00
"1085",2011,354,0.278125,2011-12-20 00:15:00
"1086",2011,355,4.85833333333333,2011-12-21 00:15:00
"1087",2011,356,6.715625,2011-12-22 00:15:00
"1088",2011,357,1.55104166666667,2011-12-23 00:15:00
"1089",2011,358,-5.99895833333333,2011-12-24 00:15:00
"1090",2011,359,-3.371875,2011-12-25 00:15:00
"1091",2011,360,-0.0302083333333333,2011-12-26 00:15:00
"1092",2011,361,2.6125,2011-12-27 00:15:00
"1093",2011,362,1.41041666666667,2011-12-28 00:15:00
"1094",2011,363,-6.73854166666667,2011-12-29 00:15:00
"1095",2011,364,-1.34375,2011-12-30 00:15:00
"1096",2011,365,1.05833333333333,2011-01-01 00:00:00
